{
  "timestamp": "2026-04-25T21:08:54.264482",
  "total_results": 43420,
  "total_winners": 50,
  "dead_combos": 4,
  "strategy_rates": {
    "rsi_crossover": {
      "rate": 0.004121792314851749,
      "wins": 62,
      "total": 15042,
      "avg_sharpe": 0.5877892880804226
    },
    "macd_momentum": {
      "rate": 0.03223157462533361,
      "wins": 471,
      "total": 14613,
      "avg_sharpe": 0.8071895565694671
    },
    "invented_momentum_rsi_stoch": {
      "rate": 0.07142857142857142,
      "wins": 1,
      "total": 14,
      "avg_sharpe": 1.0640222561837902
    },
    "volume_breakout": {
      "rate": 0.03636363636363636,
      "wins": 4,
      "total": 110,
      "avg_sharpe": 0.8200738196485933
    },
    "atr_channel_breakout": {
      "rate": 0.061488673139158574,
      "wins": 38,
      "total": 618,
      "avg_sharpe": 0.7448915515369114
    },
    "adx_pullback": {
      "rate": 0.006756756756756757,
      "wins": 4,
      "total": 592,
      "avg_sharpe": 0.6177098829018005
    },
    "bollinger_squeeze": {
      "rate": 0.0,
      "wins": 0,
      "total": 2,
      "avg_sharpe": 0.3868079745945424
    },
    "invented_momentum_rsi_atr": {
      "rate": 0.0,
      "wins": 0,
      "total": 3,
      "avg_sharpe": 2.285832378833058
    },
    "multi_rsi_confluence": {
      "rate": 0.0,
      "wins": 0,
      "total": 325,
      "avg_sharpe": 0.34107395052729766
    },
    "ema_ribbon_reversal": {
      "rate": 0.0,
      "wins": 0,
      "total": 4,
      "avg_sharpe": 0.8436714239145129
    },
    "ichimoku_trend": {
      "rate": 0.0,
      "wins": 0,
      "total": 1,
      "avg_sharpe": 1.6102394931644963
    },
    "rsi_regime_dip": {
      "rate": 0.0,
      "wins": 0,
      "total": 432,
      "avg_sharpe": 0.8327359191016197
    },
    "roc_ema_volume": {
      "rate": 0.1772119341563786,
      "wins": 2067,
      "total": 11664,
      "avg_sharpe": 1.1675657489208016
    }
  },
  "ticker_wins": {
    "CAT": 50
  },
  "param_patterns": {
    "roc_len": {
      "8": 46,
      "12": 4
    },
    "ema_len": {
      "15": 20,
      "25": 16,
      "20": 14
    },
    "vol_sma_len": {
      "15": 26,
      "20": 20,
      "30": 4
    },
    "atr_len": {
      "14": 21,
      "10": 20,
      "20": 9
    },
    "atr_mult": {
      "1.5": 50
    },
    "trailing_len": {
      "10": 24,
      "20": 15,
      "15": 11
    }
  },
  "insights": [
    "Best strategy: roc_ema_volume (18% win rate)",
    "Weakest strategy: multi_rsi_confluence (0% win rate) \u2014 consider removing or rewriting",
    "Most winning ticker: CAT (50 wins)",
    "4 dead combos \u2014 strategy/ticker pairs that produce 0 trades"
  ],
  "actions": [
    "Consider building sector-specific variant of roc_ema_volume (works well on CAT)"
  ],
  "round": 0,
  "combos_completed": 183,
  "combos_remaining": 697
}