{
  "timestamp": "2026-04-26T07:30:24.694060",
  "total_results": 1690853,
  "total_winners": 50,
  "dead_combos": 8,
  "strategy_rates": {
    "rsi_crossover": {
      "rate": 0.011248065443289853,
      "wins": 407,
      "total": 36184,
      "avg_sharpe": 0.744525121837427
    },
    "macd_momentum": {
      "rate": 0.022930770910679188,
      "wins": 945,
      "total": 41211,
      "avg_sharpe": 0.7792573273089524
    },
    "invented_momentum_rsi_stoch": {
      "rate": 0.07142857142857142,
      "wins": 1,
      "total": 14,
      "avg_sharpe": 1.0640222561837902
    },
    "volume_breakout": {
      "rate": 0.020602218700475437,
      "wins": 26,
      "total": 1262,
      "avg_sharpe": 0.7484874812548858
    },
    "atr_channel_breakout": {
      "rate": 0.03686635944700461,
      "wins": 56,
      "total": 1519,
      "avg_sharpe": 0.7542385408058817
    },
    "adx_pullback": {
      "rate": 0.030554117037804248,
      "wins": 59,
      "total": 1931,
      "avg_sharpe": 0.888164408200238
    },
    "bollinger_squeeze": {
      "rate": 0.07226107226107226,
      "wins": 62,
      "total": 858,
      "avg_sharpe": 1.074437897754745
    },
    "invented_momentum_rsi_atr": {
      "rate": 0.0,
      "wins": 0,
      "total": 3,
      "avg_sharpe": 2.285832378833058
    },
    "multi_rsi_confluence": {
      "rate": 0.00019127773527161438,
      "wins": 2,
      "total": 10456,
      "avg_sharpe": 0.764087191263815
    },
    "ema_ribbon_reversal": {
      "rate": 0.0,
      "wins": 0,
      "total": 33,
      "avg_sharpe": 0.6756900971692008
    },
    "ichimoku_trend": {
      "rate": 0.0,
      "wins": 0,
      "total": 1,
      "avg_sharpe": 1.6102394931644963
    },
    "rsi_regime_dip": {
      "rate": 0.02753005040713455,
      "wins": 71,
      "total": 2579,
      "avg_sharpe": 0.9917913673015526
    },
    "roc_ema_volume": {
      "rate": 0.10288184157970012,
      "wins": 127035,
      "total": 1234766,
      "avg_sharpe": 0.9382392665073415
    },
    "bb_stoch_macd": {
      "rate": 0.0,
      "wins": 0,
      "total": 36,
      "avg_sharpe": 0.2711305708266195
    },
    "injected_momentum_atr_volume": {
      "rate": 0.0,
      "wins": 0,
      "total": 354294,
      "avg_sharpe": 1.7943106764041825
    },
    "vpt_crossover": {
      "rate": 0.18930041152263374,
      "wins": 46,
      "total": 243,
      "avg_sharpe": 1.2223918200353718
    },
    "ema_crossover": {
      "rate": 0.75,
      "wins": 12,
      "total": 16,
      "avg_sharpe": 1.7491359206318249
    },
    "invented_vpt_roc_ema": {
      "rate": 0.76171875,
      "wins": 390,
      "total": 512,
      "avg_sharpe": 2.0066742407092026
    },
    "informed_simple_adaptive": {
      "rate": 0.16291793313069908,
      "wins": 804,
      "total": 4935,
      "avg_sharpe": 1.1101864729257522
    }
  },
  "ticker_wins": {
    "GOOGL": 36,
    "JNJ": 14
  },
  "param_patterns": {
    "fast_len": {
      "14": 4,
      "3": 1
    },
    "slow_len": {
      "21": 3,
      "35": 1,
      "28": 1
    },
    "regime_len": {
      "30": 4,
      "50": 1
    },
    "regime_bull": {
      "65": 2,
      "60": 2,
      "55": 1
    },
    "exit_level": {
      "45": 2,
      "40": 2,
      "50": 1
    },
    "roc_len": {
      "7": 3,
      "21": 20,
      "10": 1,
      "5": 8,
      "12": 1,
      "14": 2,
      "8": 1
    },
    "ema_len": {
      "15": 9,
      "18": 5,
      "20": 11,
      "30": 2,
      "25": 2,
      "10": 7
    },
    "vol_sma_len": {
      "18": 7,
      "25": 10,
      "20": 5,
      "15": 6,
      "30": 5,
      "10": 1,
      "40": 2
    },
    "atr_len": {
      "21": 14,
      "14": 4,
      "12": 5,
      "17": 10,
      "7": 2,
      "10": 1
    },
    "atr_mult": {
      "2.75": 9,
      "2.0": 9,
      "2.5": 1,
      "1.75": 5,
      "3.0": 9,
      "2.25": 3
    },
    "trailing_len": {
      "7": 9,
      "10": 7,
      "12": 5,
      "15": 14,
      "25": 1
    },
    "adx_len": {
      "21": 9
    },
    "adx_threshold": {
      "30": 9
    },
    "rsi_len": {
      "14": 5,
      "21": 2,
      "10": 2
    },
    "rsi_oversold": {
      "30": 2,
      "25": 5,
      "35": 2
    },
    "rsi_overbought": {
      "60": 3,
      "65": 4,
      "70": 2
    },
    "volume_window": {
      "20": 2,
      "15": 1,
      "25": 6
    },
    "volume_mult": {
      "1.5": 4,
      "1.2": 2,
      "1.3": 3
    }
  },
  "insights": [
    "Best strategy: invented_vpt_roc_ema (76% win rate)",
    "Weakest strategy: ema_ribbon_reversal (0% win rate) \u2014 consider removing or rewriting",
    "Most winning ticker: GOOGL (36 wins)",
    "8 dead combos \u2014 strategy/ticker pairs that produce 0 trades"
  ],
  "actions": [
    "Expand ema_crossover param grid \u2014 high win rate suggests more winning params exist",
    "Consider building sector-specific variant of rsi_crossover (works well on JNJ)"
  ],
  "round": 0,
  "combos_completed": 427,
  "combos_remaining": 673
}