{
  "timestamp": "2026-04-26T00:51:12.393022",
  "total_results": 280843,
  "total_winners": 50,
  "dead_combos": 4,
  "strategy_rates": {
    "rsi_crossover": {
      "rate": 0.014532948746394497,
      "wins": 393,
      "total": 27042,
      "avg_sharpe": 0.7889629137602112
    },
    "macd_momentum": {
      "rate": 0.02930319290634395,
      "wins": 770,
      "total": 26277,
      "avg_sharpe": 0.8033767140964911
    },
    "invented_momentum_rsi_stoch": {
      "rate": 0.07142857142857142,
      "wins": 1,
      "total": 14,
      "avg_sharpe": 1.0640222561837902
    },
    "volume_breakout": {
      "rate": 0.022427440633245383,
      "wins": 17,
      "total": 758,
      "avg_sharpe": 0.6726369614014189
    },
    "atr_channel_breakout": {
      "rate": 0.04634581105169341,
      "wins": 52,
      "total": 1122,
      "avg_sharpe": 0.7009393705232355
    },
    "adx_pullback": {
      "rate": 0.037761294672960216,
      "wins": 56,
      "total": 1483,
      "avg_sharpe": 0.8424121804804717
    },
    "bollinger_squeeze": {
      "rate": 0.03048780487804878,
      "wins": 5,
      "total": 164,
      "avg_sharpe": 0.8716543071423899
    },
    "invented_momentum_rsi_atr": {
      "rate": 0.0,
      "wins": 0,
      "total": 3,
      "avg_sharpe": 2.285832378833058
    },
    "multi_rsi_confluence": {
      "rate": 0.0003630422944273008,
      "wins": 2,
      "total": 5509,
      "avg_sharpe": 0.7234574252604815
    },
    "ema_ribbon_reversal": {
      "rate": 0.0,
      "wins": 0,
      "total": 4,
      "avg_sharpe": 0.8436714239145129
    },
    "ichimoku_trend": {
      "rate": 0.0,
      "wins": 0,
      "total": 1,
      "avg_sharpe": 1.6102394931644963
    },
    "rsi_regime_dip": {
      "rate": 0.04282407407407408,
      "wins": 37,
      "total": 864,
      "avg_sharpe": 1.1019872626565757
    },
    "roc_ema_volume": {
      "rate": 0.07156013540422143,
      "wins": 2875,
      "total": 40176,
      "avg_sharpe": 0.8538841893136933
    },
    "bb_stoch_macd": {
      "rate": 0.0,
      "wins": 0,
      "total": 36,
      "avg_sharpe": 0.2711305708266195
    },
    "injected_momentum_atr_volume": {
      "rate": 0.0,
      "wins": 0,
      "total": 177147,
      "avg_sharpe": 2.0268180765561037
    },
    "vpt_crossover": {
      "rate": 0.18930041152263374,
      "wins": 46,
      "total": 243,
      "avg_sharpe": 1.2223918200353718
    }
  },
  "ticker_wins": {
    "CAT": 28,
    "JNJ": 22
  },
  "param_patterns": {
    "fast_len": {
      "14": 10,
      "3": 4,
      "5": 4,
      "10": 3,
      "7": 1
    },
    "slow_len": {
      "21": 6,
      "35": 7,
      "28": 3,
      "14": 2,
      "42": 4
    },
    "regime_len": {
      "30": 8,
      "50": 4,
      "70": 4,
      "100": 6
    },
    "regime_bull": {
      "65": 3,
      "60": 8,
      "55": 11
    },
    "exit_level": {
      "45": 5,
      "40": 7,
      "50": 3,
      "35": 3,
      "30": 4
    },
    "roc_len": {
      "8": 27,
      "12": 1
    },
    "ema_len": {
      "15": 10,
      "25": 10,
      "20": 8
    },
    "vol_sma_len": {
      "15": 17,
      "20": 11
    },
    "atr_len": {
      "14": 13,
      "10": 12,
      "20": 3
    },
    "atr_mult": {
      "1.5": 28
    },
    "trailing_len": {
      "10": 16,
      "20": 6,
      "15": 6
    }
  },
  "insights": [
    "Best strategy: vpt_crossover (19% win rate)",
    "Weakest strategy: bb_stoch_macd (0% win rate) \u2014 consider removing or rewriting",
    "Most winning ticker: CAT (28 wins)",
    "4 dead combos \u2014 strategy/ticker pairs that produce 0 trades"
  ],
  "actions": [
    "Consider building sector-specific variant of rsi_crossover (works well on JNJ)"
  ],
  "round": 0,
  "combos_completed": 275,
  "combos_remaining": 715
}