{
  "timestamp": "2026-04-26T17:26:10.654617",
  "system": {
    "total_combos_tested": 447,
    "dead_combos": 9,
    "total_winners": 8156,
    "validated_robust": 3,
    "coverage_pct": 98.0
  },
  "strategy_analysis": {
    "rsi_crossover": {
      "wins": 5,
      "best_sharpe": 2.1822910182862096,
      "best_score": 2.442654448731927,
      "tickers": [
        "JNJ"
      ]
    },
    "roc_ema_volume": {
      "wins": 36,
      "best_sharpe": 2.6522211049088726,
      "best_score": 2.4281907589614526,
      "tickers": [
        "GOOGL"
      ]
    },
    "informed_simple_adaptive": {
      "wins": 9,
      "best_sharpe": 2.7589667392723682,
      "best_score": 2.387358973438374,
      "tickers": [
        "JNJ"
      ]
    }
  },
  "ticker_analysis": {
    "JNJ": {
      "wins": 14,
      "strategies": [
        "informed_simple_adaptive",
        "rsi_crossover"
      ]
    },
    "GOOGL": {
      "wins": 36,
      "strategies": [
        "roc_ema_volume"
      ]
    }
  },
  "strategy_stats": {
    "rsi_crossover": {
      "tested": 36184,
      "won": 407,
      "total_sharpe": 3398.0575020677934,
      "total_return": 2305.010007338339,
      "win_rate": 0.011248065443289853,
      "avg_sharpe": 0.09391049917277784
    },
    "macd_momentum": {
      "tested": 44571,
      "won": 1037,
      "total_sharpe": 18332.179446883478,
      "total_return": 7206.727522941773,
      "win_rate": 0.023266249354961747,
      "avg_sharpe": 0.4113028526818666
    },
    "invented_momentum_rsi_stoch": {
      "tested": 14,
      "won": 1,
      "total_sharpe": 13.758234012593343,
      "total_return": 4.925203278460628,
      "win_rate": 0.07142857142857142,
      "avg_sharpe": 0.9827310008995245
    },
    "volume_breakout": {
      "tested": 1306,
      "won": 33,
      "total_sharpe": 417.9531710345347,
      "total_return": 136.15557046260534,
      "win_rate": 0.02526799387442573,
      "avg_sharpe": 0.32002539895446763
    },
    "atr_channel_breakout": {
      "tested": 1519,
      "won": 56,
      "total_sharpe": 464.195350810719,
      "total_return": 169.5951066425603,
      "win_rate": 0.03686635944700461,
      "avg_sharpe": 0.30559272601100657
    },
    "adx_pullback": {
      "tested": 1931,
      "won": 59,
      "total_sharpe": 1448.314956950021,
      "total_return": 736.6502606019949,
      "win_rate": 0.030554117037804248,
      "avg_sharpe": 0.7500336390212434
    },
    "bollinger_squeeze": {
      "tested": 939,
      "won": 62,
      "total_sharpe": 969.6472093132771,
      "total_return": 276.4684796677319,
      "win_rate": 0.06602768903088392,
      "avg_sharpe": 1.0326381355838947
    },
    "invented_momentum_rsi_atr": {
      "tested": 3,
      "won": 0,
      "total_sharpe": 0.03998233265660067,
      "total_return": 0.19983951500794161,
      "win_rate": 0.0,
      "avg_sharpe": 0.01332744421886689
    },
    "multi_rsi_confluence": {
      "tested": 10564,
      "won": 2,
      "total_sharpe": 3148.6099699894457,
      "total_return": 412.618413522429,
      "win_rate": 0.0001893222264293828,
      "avg_sharpe": 0.29805092483807705
    },
    "ema_ribbon_reversal": {
      "tested": 34,
      "won": 0,
      "total_sharpe": 0.679367847155747,
      "total_return": 0.1001749633030982,
      "win_rate": 0.0,
      "avg_sharpe": 0.01998140726928668
    },
    "ichimoku_trend": {
      "tested": 1,
      "won": 0,
      "total_sharpe": 1.6102394931644963,
      "total_return": 0.6191197713965266,
      "win_rate": 0.0,
      "avg_sharpe": 1.6102394931644963
    },
    "rsi_regime_dip": {
      "tested": 2579,
      "won": 71,
      "total_sharpe": 2091.3602933104494,
      "total_return": 219.9570681052871,
      "win_rate": 0.02753005040713455,
      "avg_sharpe": 0.8109190745678362
    },
    "roc_ema_volume": {
      "tested": 1234766,
      "won": 127035,
      "total_sharpe": 587984.1827768266,
      "total_return": 232936.541199943,
      "win_rate": 0.10288184157970012,
      "avg_sharpe": 0.4761907784769151
    },
    "bb_stoch_macd": {
      "tested": 36,
      "won": 0,
      "total_sharpe": 8.8983206921692,
      "total_return": 1.49760039554914,
      "win_rate": 0.0,
      "avg_sharpe": 0.24717557478247779
    },
    "injected_momentum_atr_volume": {
      "tested": 354294,
      "won": 0,
      "total_sharpe": 635713.5067843625,
      "total_return": 441378.86536236637,
      "win_rate": 0.0,
      "avg_sharpe": 1.7943106763997203
    },
    "vpt_crossover": {
      "tested": 243,
      "won": 46,
      "total_sharpe": 297.0412122685952,
      "total_return": 83.9945549760259,
      "win_rate": 0.18930041152263374,
      "avg_sharpe": 1.2223918200353712
    },
    "ema_crossover": {
      "tested": 16,
      "won": 12,
      "total_sharpe": 27.986174730109195,
      "total_return": 7.797180723114972,
      "win_rate": 0.75,
      "avg_sharpe": 1.7491359206318247
    },
    "invented_vpt_roc_ema": {
      "tested": 512,
      "won": 390,
      "total_sharpe": 1027.4172112431108,
      "total_return": 396.0274311336131,
      "win_rate": 0.76171875,
      "avg_sharpe": 2.006674240709201
    },
    "informed_simple_adaptive": {
      "tested": 7313,
      "won": 929,
      "total_sharpe": 7911.945110491065,
      "total_return": 2911.8867929309317,
      "win_rate": 0.12703404895391768,
      "avg_sharpe": 1.0819014235595603
    }
  },
  "ticker_stats": {
    "CAT": {
      "tested": 179359,
      "won": 1213,
      "win_rate": 0.006762972585707993
    },
    "NVDA": {
      "tested": 1407,
      "won": 0,
      "win_rate": 0.0
    },
    "MA": {
      "tested": 2622,
      "won": 114,
      "win_rate": 0.043478260869565216
    },
    "MRK": {
      "tested": 2083,
      "won": 81,
      "win_rate": 0.03888622179548728
    },
    "TSLA": {
      "tested": 1307,
      "won": 1,
      "win_rate": 0.0007651109410864575
    },
    "JPM": {
      "tested": 2047,
      "won": 2,
      "win_rate": 0.0009770395701025891
    },
    "TXN": {
      "tested": 3036,
      "won": 0,
      "win_rate": 0.0
    },
    "PFE": {
      "tested": 3445,
      "won": 0,
      "win_rate": 0.0
    },
    "AMZN": {
      "tested": 1775,
      "won": 1,
      "win_rate": 0.0005633802816901409
    },
    "GOOGL": {
      "tested": 309826,
      "won": 108925,
      "win_rate": 0.3515682996262418
    },
    "DE": {
      "tested": 85898,
      "won": 4,
      "win_rate": 4.656685836690028e-05
    },
    "SPY": {
      "tested": 131758,
      "won": 640,
      "win_rate": 0.004857390063601451
    },
    "QQQ": {
      "tested": 441,
      "won": 0,
      "win_rate": 0.0
    },
    "CRM": {
      "tested": 3096,
      "won": 5,
      "win_rate": 0.001614987080103359
    },
    "AAPL": {
      "tested": 82245,
      "won": 477,
      "win_rate": 0.0057997446653292
    },
    "SHOP": {
      "tested": 1695,
      "won": 0,
      "win_rate": 0.0
    },
    "COP": {
      "tested": 1459,
      "won": 0,
      "win_rate": 0.0
    },
    "GE": {
      "tested": 1310,
      "won": 1,
      "win_rate": 0.0007633587786259542
    },
    "SNOW": {
      "tested": 1456,
      "won": 0,
      "win_rate": 0.0
    },
    "ADBE": {
      "tested": 132079,
      "won": 2,
      "win_rate": 1.5142452623051356e-05
    },
    "MSFT": {
      "tested": 1583,
      "won": 8,
      "win_rate": 0.00505369551484523
    },
    "NET": {
      "tested": 2853,
      "won": 99,
      "win_rate": 0.03470031545741325
    },
    "GLD": {
      "tested": 131687,
      "won": 10972,
      "win_rate": 0.08331877861899809
    },
    "MDB": {
      "tested": 4619,
      "won": 0,
      "win_rate": 0.0
    },
    "BLK": {
      "tested": 1392,
      "won": 0,
      "win_rate": 0.0
    },
    "GS": {
      "tested": 1775,
      "won": 557,
      "win_rate": 0.31380281690140843
    },
    "NKE": {
      "tested": 1775,
      "won": 0,
      "win_rate": 0.0
    },
    "BA": {
      "tested": 4366,
      "won": 328,
      "win_rate": 0.07512597343105817
    },