{
  "timestamp": "2026-04-26T04:44:14.089096",
  "system": {
    "total_combos_tested": 341,
    "dead_combos": 7,
    "total_winners": 8156,
    "validated_robust": 0,
    "coverage_pct": 98.0
  },
  "strategy_analysis": {
    "rsi_crossover": {
      "wins": 22,
      "best_sharpe": 2.8099354363009112,
      "best_score": 2.442654448731927,
      "tickers": [
        "JNJ"
      ]
    },
    "roc_ema_volume": {
      "wins": 28,
      "best_sharpe": 2.915618325650432,
      "best_score": 2.0183239833233593,
      "tickers": [
        "CAT"
      ]
    }
  },
  "ticker_analysis": {
    "JNJ": {
      "wins": 22,
      "strategies": [
        "rsi_crossover"
      ]
    },
    "CAT": {
      "wins": 28,
      "strategies": [
        "roc_ema_volume"
      ]
    }
  },
  "strategy_stats": {
    "rsi_crossover": {
      "tested": 36042,
      "won": 407,
      "total_sharpe": 3274.1509558450407,
      "total_return": 2294.9224435265146,
      "win_rate": 0.011292381110926142,
      "avg_sharpe": 0.09084265456536932
    },
    "macd_momentum": {
      "tested": 40857,
      "won": 943,
      "total_sharpe": 14981.628560508982,
      "total_return": 5553.578404798078,
      "win_rate": 0.023080500281469515,
      "avg_sharpe": 0.3666844986295857
    },
    "invented_momentum_rsi_stoch": {
      "tested": 14,
      "won": 1,
      "total_sharpe": 13.758234012593343,
      "total_return": 4.925203278460628,
      "win_rate": 0.07142857142857142,
      "avg_sharpe": 0.9827310008995245
    },
    "volume_breakout": {
      "tested": 1118,
      "won": 18,
      "total_sharpe": 212.82485993256893,
      "total_return": 91.4864382140394,
      "win_rate": 0.016100178890876567,
      "avg_sharpe": 0.1903621287411171
    },
    "atr_channel_breakout": {
      "tested": 1482,
      "won": 56,
      "total_sharpe": 429.61706708927414,
      "total_return": 163.69600757239317,
      "win_rate": 0.037786774628879895,
      "avg_sharpe": 0.2898900587646924
    },
    "adx_pullback": {
      "tested": 1564,
      "won": 59,
      "total_sharpe": 1109.2195690342496,
      "total_return": 620.5256346949619,
      "win_rate": 0.037723785166240406,
      "avg_sharpe": 0.709219673295556
    },
    "bollinger_squeeze": {
      "tested": 326,
      "won": 45,
      "total_sharpe": 392.6413267610949,
      "total_return": 68.05134807676362,
      "win_rate": 0.13803680981595093,
      "avg_sharpe": 1.20442124773342
    },
    "invented_momentum_rsi_atr": {
      "tested": 3,
      "won": 0,
      "total_sharpe": 0.03998233265660067,
      "total_return": 0.19983951500794161,
      "win_rate": 0.0,
      "avg_sharpe": 0.01332744421886689
    },
    "multi_rsi_confluence": {
      "tested": 9721,
      "won": 2,
      "total_sharpe": 2232.5209201199355,
      "total_return": 318.15468329741964,
      "win_rate": 0.00020574015019030964,
      "avg_sharpe": 0.22965959470424188
    },
    "ema_ribbon_reversal": {
      "tested": 28,
      "won": 0,
      "total_sharpe": -3.8984331154741723,
      "total_return": -0.14638318172255982,
      "win_rate": 0.0,
      "avg_sharpe": -0.1392297541240776
    },
    "ichimoku_trend": {
      "tested": 1,
      "won": 0,
      "total_sharpe": 1.6102394931644963,
      "total_return": 0.6191197713965266,
      "win_rate": 0.0,
      "avg_sharpe": 1.6102394931644963
    },
    "rsi_regime_dip": {
      "tested": 864,
      "won": 37,
      "total_sharpe": 442.11997330978903,
      "total_return": 85.09140006865707,
      "win_rate": 0.04282407407407408,
      "avg_sharpe": 0.5117129320715151
    },
    "roc_ema_volume": {
      "tested": 705216,
      "won": 6808,
      "total_sharpe": -11994.889978143885,
      "total_return": 12591.614694370814,
      "win_rate": 0.009653779834830747,
      "avg_sharpe": -0.0170088171257372
    },
    "bb_stoch_macd": {
      "tested": 36,
      "won": 0,
      "total_sharpe": 8.8983206921692,
      "total_return": 1.49760039554914,
      "win_rate": 0.0,
      "avg_sharpe": 0.24717557478247779
    },
    "injected_momentum_atr_volume": {
      "tested": 177147,
      "won": 0,
      "total_sharpe": 359044.7418072811,
      "total_return": 274536.57320649613,
      "win_rate": 0.0,
      "avg_sharpe": 2.0268180765538286
    },
    "vpt_crossover": {
      "tested": 243,
      "won": 46,
      "total_sharpe": 297.0412122685952,
      "total_return": 83.9945549760259,
      "win_rate": 0.18930041152263374,
      "avg_sharpe": 1.2223918200353712
    }
  },
  "ticker_stats": {
    "CAT": {
      "tested": 179359,
      "won": 1213,
      "win_rate": 0.006762972585707993
    },
    "NVDA": {
      "tested": 1336,
      "won": 0,
      "win_rate": 0.0
    },
    "MA": {
      "tested": 1775,
      "won": 0,
      "win_rate": 0.0
    },
    "MRK": {
      "tested": 1371,
      "won": 0,
      "win_rate": 0.0
    },
    "TSLA": {
      "tested": 1307,
      "won": 1,
      "win_rate": 0.0007651109410864575
    },
    "JPM": {
      "tested": 1693,
      "won": 0,
      "win_rate": 0.0
    },
    "TXN": {
      "tested": 3036,
      "won": 0,
      "win_rate": 0.0
    },
    "PFE": {
      "tested": 3442,
      "won": 0,
      "win_rate": 0.0
    },
    "AMZN": {
      "tested": 1775,
      "won": 1,
      "win_rate": 0.0005633802816901409
    },
    "GOOGL": {
      "tested": 400,
      "won": 2,
      "win_rate": 0.005
    },
    "DE": {
      "tested": 75,
      "won": 0,
      "win_rate": 0.0
    },
    "SPY": {
      "tested": 131752,
      "won": 640,
      "win_rate": 0.004857611269658146
    },
    "QQQ": {
      "tested": 364,
      "won": 0,
      "win_rate": 0.0
    },
    "CRM": {
      "tested": 2955,
      "won": 0,
      "win_rate": 0.0
    },
    "AAPL": {
      "tested": 3006,
      "won": 6,
      "win_rate": 0.001996007984031936
    },
    "SHOP": {
      "tested": 1695,
      "won": 0,
      "win_rate": 0.0
    },
    "COP": {
      "tested": 1334,
      "won": 0,
      "win_rate": 0.0
    },
    "GE": {
      "tested": 1306,
      "won": 1,
      "win_rate": 0.0007656967840735069
    },
    "SNOW": {
      "tested": 1371,
      "won": 0,
      "win_rate": 0.0
    },
    "ADBE": {
      "tested": 132079,
      "won": 2,
      "win_rate": 1.5142452623051356e-05
    },
    "MSFT": {
      "tested": 1303,
      "won": 0,
      "win_rate": 0.0
    },
    "NET": {
      "tested": 1695,
      "won": 1,
      "win_rate": 0.0005899705014749262
    },
    "GLD": {
      "tested": 155,
      "won": 36,
      "win_rate": 0.23225806451612904
    },
    "MDB": {
      "tested": 4618,
      "won": 0,
      "win_rate": 0.0
    },
    "BLK": {
      "tested": 1335,
      "won": 0,
      "win_rate": 0.0
    },
    "GS": {
      "tested": 1775,
      "won": 557,
      "win_rate": 0.31380281690140843
    },
    "NKE": {
      "tested": 1775,
      "won": 0,
      "win_rate": 0.0
    },
    "BA": {
      "tested": 4366,
      "won": 328,
      "win_rate": 0.07512597343105817
    },
    "META": {
      "tested": 119,
      "won": 0,
      "win_rate": 0.0
    },
    "INTC": {
      "tested": 4698,
      "won": 80,
      "win_rate": 0.017028522775649212
    },
    "DDOG": {
      "tested": 3314,
      "won": 0,
      "win_rate": 0.0
    },
    "UNH": {
      "tested": 366,
      "won": 0,
      "win_rate": 0.0
    },
    "QCOM": {
      "tested": 4250,
      "won": 0,
      "win_rate": 0.0
    },
    "TLT": {
      "tested": 132435,
      "won": 0,
      "win_rate": 0.0
    },
    "ORCL": {
      "tested": 5086,
      "won": 148,
      "win_rate": 0.02909948879276445
    },
    "CVX": {
      "tested": 1659,
      "won": 0,
      "win_rate": 0.0
    },
    "JNJ": {
      "tested": 4463,
      "won": 1033,
      "win_rate": 0.2314586600941071
    },
    "V": {
      "tested": 4372,
      "won": 0,
      "win_rate": 0.0
    },
    "PLTR": {
      "tested": 4655,
      "won": 535,
      "win_rate": 0.11493018259935553
    },
    "IWM": {
      "tested": 4334,
      "won": 0,
      "win_rate": 0.0
    },