{
  "timestamp": "2026-04-26T01:44:22.149134",
  "system": {
    "total_combos_tested": 301,
    "dead_combos": 5,
    "total_winners": 4117,
    "validated_robust": 0,
    "coverage_pct": 98.4
  },
  "strategy_analysis": {
    "rsi_crossover": {
      "wins": 22,
      "best_sharpe": 2.8099354363009112,
      "best_score": 2.442654448731927,
      "tickers": [
        "JNJ"
      ]
    },
    "roc_ema_volume": {
      "wins": 28,
      "best_sharpe": 2.915618325650432,
      "best_score": 2.0183239833233593,
      "tickers": [
        "CAT"
      ]
    }
  },
  "ticker_analysis": {
    "JNJ": {
      "wins": 22,
      "strategies": [
        "rsi_crossover"
      ]
    },
    "CAT": {
      "wins": 28,
      "strategies": [
        "roc_ema_volume"
      ]
    }
  },
  "strategy_stats": {
    "rsi_crossover": {
      "tested": 33042,
      "won": 393,
      "total_sharpe": 1504.0312062630394,
      "total_return": 1915.585327012552,
      "win_rate": 0.011893953150535682,
      "avg_sharpe": 0.04551877023978692
    },
    "macd_momentum": {
      "tested": 35025,
      "won": 848,
      "total_sharpe": 10882.478972740226,
      "total_return": 4689.2379264853425,
      "win_rate": 0.02421127765881513,
      "avg_sharpe": 0.31070603776560246
    },
    "invented_momentum_rsi_stoch": {
      "tested": 14,
      "won": 1,
      "total_sharpe": 13.758234012593343,
      "total_return": 4.925203278460628,
      "win_rate": 0.07142857142857142,
      "avg_sharpe": 0.9827310008995245
    },
    "volume_breakout": {
      "tested": 902,
      "won": 17,
      "total_sharpe": 146.25899525882386,
      "total_return": 75.84523944146221,
      "win_rate": 0.018847006651884702,
      "avg_sharpe": 0.16214966214947213
    },
    "atr_channel_breakout": {
      "tested": 1266,
      "won": 53,
      "total_sharpe": 399.88219728692286,
      "total_return": 152.46529860757482,
      "win_rate": 0.04186413902053712,
      "avg_sharpe": 0.31586271507655833
    },
    "adx_pullback": {
      "tested": 1564,
      "won": 59,
      "total_sharpe": 1109.2195690342496,
      "total_return": 620.5256346949619,
      "win_rate": 0.037723785166240406,
      "avg_sharpe": 0.709219673295556
    },
    "bollinger_squeeze": {
      "tested": 164,
      "won": 5,
      "total_sharpe": 136.66556521455087,
      "total_return": 35.441631656068296,
      "win_rate": 0.03048780487804878,
      "avg_sharpe": 0.8333266171618955
    },
    "invented_momentum_rsi_atr": {
      "tested": 3,
      "won": 0,
      "total_sharpe": 0.03998233265660067,
      "total_return": 0.19983951500794161,
      "win_rate": 0.0,
      "avg_sharpe": 0.01332744421886689
    },
    "multi_rsi_confluence": {
      "tested": 6481,
      "won": 2,
      "total_sharpe": 1427.45638885106,
      "total_return": 182.79183369253036,
      "win_rate": 0.00030859435272334514,
      "avg_sharpe": 0.22025249017914827
    },
    "ema_ribbon_reversal": {
      "tested": 10,
      "won": 0,
      "total_sharpe": 1.886282011382045,
      "total_return": 0.21804334724107874,
      "win_rate": 0.0,
      "avg_sharpe": 0.1886282011382045
    },
    "ichimoku_trend": {
      "tested": 1,
      "won": 0,
      "total_sharpe": 1.6102394931644963,
      "total_return": 0.6191197713965266,
      "win_rate": 0.0,
      "avg_sharpe": 1.6102394931644963
    },
    "rsi_regime_dip": {
      "tested": 864,
      "won": 37,
      "total_sharpe": 442.11997330978903,
      "total_return": 85.09140006865707,
      "win_rate": 0.04282407407407408,
      "avg_sharpe": 0.5117129320715151
    },
    "roc_ema_volume": {
      "tested": 46656,
      "won": 2922,
      "total_sharpe": 20221.69371776348,
      "total_return": 11820.070750703531,
      "win_rate": 0.06262860082304526,
      "avg_sharpe": 0.43342107591228307
    },
    "bb_stoch_macd": {
      "tested": 36,
      "won": 0,
      "total_sharpe": 8.8983206921692,
      "total_return": 1.49760039554914,
      "win_rate": 0.0,
      "avg_sharpe": 0.24717557478247779
    },
    "injected_momentum_atr_volume": {
      "tested": 177147,
      "won": 0,
      "total_sharpe": 359044.7418072811,
      "total_return": 274536.57320649613,
      "win_rate": 0.0,
      "avg_sharpe": 2.0268180765538286
    },
    "vpt_crossover": {
      "tested": 243,
      "won": 46,
      "total_sharpe": 297.0412122685952,
      "total_return": 83.9945549760259,
      "win_rate": 0.18930041152263374,
      "avg_sharpe": 1.2223918200353712
    }
  },
  "ticker_stats": {
    "CAT": {
      "tested": 179359,
      "won": 1213,
      "win_rate": 0.006762972585707993
    },
    "NVDA": {
      "tested": 1300,
      "won": 0,
      "win_rate": 0.0
    },
    "MA": {
      "tested": 1739,
      "won": 0,
      "win_rate": 0.0
    },
    "MRK": {
      "tested": 1371,
      "won": 0,
      "win_rate": 0.0
    },
    "TSLA": {
      "tested": 1307,
      "won": 1,
      "win_rate": 0.0007651109410864575
    },
    "JPM": {
      "tested": 1693,
      "won": 0,
      "win_rate": 0.0
    },
    "TXN": {
      "tested": 3036,
      "won": 0,
      "win_rate": 0.0
    },
    "PFE": {
      "tested": 3082,
      "won": 0,
      "win_rate": 0.0
    },
    "AMZN": {
      "tested": 1775,
      "won": 1,
      "win_rate": 0.0005633802816901409
    },
    "GOOGL": {
      "tested": 364,
      "won": 0,
      "win_rate": 0.0
    },
    "DE": {
      "tested": 75,
      "won": 0,
      "win_rate": 0.0
    },
    "SPY": {
      "tested": 4,
      "won": 0,
      "win_rate": 0.0
    },
    "QQQ": {
      "tested": 364,
      "won": 0,
      "win_rate": 0.0
    },
    "CRM": {
      "tested": 2955,
      "won": 0,
      "win_rate": 0.0
    },
    "AAPL": {
      "tested": 3006,
      "won": 6,
      "win_rate": 0.001996007984031936
    },
    "SHOP": {
      "tested": 1695,
      "won": 0,
      "win_rate": 0.0
    },
    "COP": {
      "tested": 1334,
      "won": 0,
      "win_rate": 0.0
    },
    "GE": {
      "tested": 1303,
      "won": 1,
      "win_rate": 0.0007674597083653108
    },
    "SNOW": {
      "tested": 1371,
      "won": 0,
      "win_rate": 0.0
    },
    "ADBE": {
      "tested": 364,
      "won": 2,
      "win_rate": 0.005494505494505495
    },
    "MSFT": {
      "tested": 1303,
      "won": 0,
      "win_rate": 0.0
    },
    "NET": {
      "tested": 1371,
      "won": 1,
      "win_rate": 0.0007293946024799417
    },
    "GLD": {
      "tested": 155,
      "won": 36,
      "win_rate": 0.23225806451612904
    },
    "MDB": {
      "tested": 4618,
      "won": 0,
      "win_rate": 0.0
    },
    "BLK": {
      "tested": 1335,
      "won": 0,
      "win_rate": 0.0
    },
    "GS": {
      "tested": 1775,
      "won": 557,
      "win_rate": 0.31380281690140843
    },
    "NKE": {
      "tested": 1451,
      "won": 0,
      "win_rate": 0.0
    },
    "BA": {
      "tested": 4366,
      "won": 328,
      "win_rate": 0.07512597343105817
    },
    "META": {
      "tested": 119,
      "won": 0,
      "win_rate": 0.0
    },
    "INTC": {
      "tested": 4695,
      "won": 80,
      "win_rate": 0.01703940362087327
    },
    "DDOG": {
      "tested": 2990,
      "won": 0,
      "win_rate": 0.0
    },
    "UNH": {
      "tested": 39,
      "won": 0,
      "win_rate": 0.0
    },
    "QCOM": {
      "tested": 4250,
      "won": 0,
      "win_rate": 0.0
    },
    "TLT": {
      "tested": 363,
      "won": 0,
      "win_rate": 0.0
    },
    "ORCL": {
      "tested": 5086,
      "won": 148,
      "win_rate": 0.02909948879276445
    },
    "CVX": {
      "tested": 1659,
      "won": 0,
      "win_rate": 0.0
    },
    "JNJ": {
      "tested": 4301,
      "won": 993,
      "win_rate": 0.23087654033945593
    },
    "V": {
      "tested": 4369,
      "won": 0,
      "win_rate": 0.0
    },
    "PLTR": {
      "tested": 4331,
      "won": 535,
      "win_rate": 0.12352805356730547
    },
    "IWM": {
      "tested": 4298,
      "won": 0,
      "win_rate": 0.0
    },
    "NFLX": {
      "tested": 3314,
      "won": 83,