{
  "timestamp": "2026-04-25T22:42:24.848274",
  "system": {
    "total_combos_tested": 191,
    "dead_combos": 4,
    "total_winners": 2666,
    "validated_robust": 0,
    "coverage_pct": 97.9
  },
  "strategy_analysis": {
    "roc_ema_volume": {
      "wins": 50,
      "best_sharpe": 2.915618325650432,
      "best_score": 2.0183239833233593,
      "tickers": [
        "CAT"
      ]
    }
  },
  "ticker_analysis": {
    "CAT": {
      "wins": 50,
      "strategies": [
        "roc_ema_volume"
      ]
    }
  },
  "strategy_stats": {
    "rsi_crossover": {
      "tested": 15042,
      "won": 62,
      "total_sharpe": 73.11430480964074,
      "total_return": 154.0571531077658,
      "win_rate": 0.004121792314851749,
      "avg_sharpe": 0.0048606770914533136
    },
    "macd_momentum": {
      "tested": 14613,
      "won": 471,
      "total_sharpe": 6867.777515568174,
      "total_return": 2659.2398974718026,
      "win_rate": 0.03223157462533361,
      "avg_sharpe": 0.46997724735291685
    },
    "invented_momentum_rsi_stoch": {
      "tested": 14,
      "won": 1,
      "total_sharpe": 13.758234012593343,
      "total_return": 4.925203278460628,
      "win_rate": 0.07142857142857142,
      "avg_sharpe": 0.9827310008995245
    },
    "volume_breakout": {
      "tested": 110,
      "won": 4,
      "total_sharpe": 85.85747337521536,
      "total_return": 26.106934660478554,
      "win_rate": 0.03636363636363636,
      "avg_sharpe": 0.7805224852292306
    },
    "atr_channel_breakout": {
      "tested": 726,
      "won": 40,
      "total_sharpe": 201.75771788423677,
      "total_return": 76.56585277637662,
      "win_rate": 0.05509641873278237,
      "avg_sharpe": 0.27790319267801206
    },
    "adx_pullback": {
      "tested": 835,
      "won": 10,
      "total_sharpe": 418.93114045693136,
      "total_return": 343.71019090292504,
      "win_rate": 0.011976047904191617,
      "avg_sharpe": 0.5017139406669837
    },
    "bollinger_squeeze": {
      "tested": 2,
      "won": 0,
      "total_sharpe": 0.7736159491890848,
      "total_return": 0.11994447154493595,
      "win_rate": 0.0,
      "avg_sharpe": 0.3868079745945424
    },
    "invented_momentum_rsi_atr": {
      "tested": 3,
      "won": 0,
      "total_sharpe": 0.03998233265660067,
      "total_return": 0.19983951500794161,
      "win_rate": 0.0,
      "avg_sharpe": 0.01332744421886689
    },
    "multi_rsi_confluence": {
      "tested": 325,
      "won": 0,
      "total_sharpe": -37.97569932242041,
      "total_return": -5.3463252078961245,
      "win_rate": 0.0,
      "avg_sharpe": -0.11684830560744741
    },
    "ema_ribbon_reversal": {
      "tested": 4,
      "won": 0,
      "total_sharpe": 0.9280960397813521,
      "total_return": 0.15817717783622864,
      "win_rate": 0.0,
      "avg_sharpe": 0.23202400994533803
    },
    "ichimoku_trend": {
      "tested": 1,
      "won": 0,
      "total_sharpe": 1.6102394931644963,
      "total_return": 0.6191197713965266,
      "win_rate": 0.0,
      "avg_sharpe": 1.6102394931644963
    },
    "rsi_regime_dip": {
      "tested": 432,
      "won": 0,
      "total_sharpe": 128.11999424342366,
      "total_return": 26.122197618103403,
      "win_rate": 0.0,
      "avg_sharpe": 0.2965740607486659
    },
    "roc_ema_volume": {
      "tested": 14256,
      "won": 2078,
      "total_sharpe": 6770.208276185316,
      "total_return": 5005.570320899623,
      "win_rate": 0.14576318742985409,
      "avg_sharpe": 0.4749023762756254
    }
  },
  "ticker_stats": {
    "CAT": {
      "tested": 1303,
      "won": 1113,
      "win_rate": 0.8541826554105909
    },
    "NVDA": {
      "tested": 1300,
      "won": 0,
      "win_rate": 0.0
    },
    "MA": {
      "tested": 38,
      "won": 0,
      "win_rate": 0.0
    },
    "MRK": {
      "tested": 1299,
      "won": 0,
      "win_rate": 0.0
    },
    "TSLA": {
      "tested": 11,
      "won": 1,
      "win_rate": 0.09090909090909091
    },
    "JPM": {
      "tested": 1333,
      "won": 0,
      "win_rate": 0.0
    },
    "TXN": {
      "tested": 3,
      "won": 0,
      "win_rate": 0.0
    },
    "PFE": {
      "tested": 82,
      "won": 0,
      "win_rate": 0.0
    },
    "AMZN": {
      "tested": 2,
      "won": 0,
      "win_rate": 0.0
    },
    "GOOGL": {
      "tested": 4,
      "won": 0,
      "win_rate": 0.0
    },
    "DE": {
      "tested": 3,
      "won": 0,
      "win_rate": 0.0
    },
    "SPY": {
      "tested": 4,
      "won": 0,
      "win_rate": 0.0
    },
    "QQQ": {
      "tested": 4,
      "won": 0,
      "win_rate": 0.0
    },
    "CRM": {
      "tested": 3,
      "won": 0,
      "win_rate": 0.0
    },
    "AAPL": {
      "tested": 3003,
      "won": 6,
      "win_rate": 0.001998001998001998
    },
    "SHOP": {
      "tested": 39,
      "won": 0,
      "win_rate": 0.0
    },
    "COP": {
      "tested": 38,
      "won": 0,
      "win_rate": 0.0
    },
    "GE": {
      "tested": 7,
      "won": 1,
      "win_rate": 0.14285714285714285
    },
    "SNOW": {
      "tested": 3,
      "won": 0,
      "win_rate": 0.0
    },
    "ADBE": {
      "tested": 4,
      "won": 0,
      "win_rate": 0.0
    },
    "MSFT": {
      "tested": 4,
      "won": 0,
      "win_rate": 0.0
    },
    "NET": {
      "tested": 39,
      "won": 1,
      "win_rate": 0.02564102564102564
    },
    "GLD": {
      "tested": 38,
      "won": 0,
      "win_rate": 0.0
    },
    "MDB": {
      "tested": 1378,
      "won": 0,
      "win_rate": 0.0
    },
    "BLK": {
      "tested": 39,
      "won": 0,
      "win_rate": 0.0
    },
    "GS": {
      "tested": 38,
      "won": 0,
      "win_rate": 0.0
    },
    "NKE": {
      "tested": 83,
      "won": 0,
      "win_rate": 0.0
    },
    "BA": {
      "tested": 2953,
      "won": 328,
      "win_rate": 0.1110734845919404
    },
    "META": {
      "tested": 119,
      "won": 0,
      "win_rate": 0.0
    },
    "INTC": {
      "tested": 3,
      "won": 1,
      "win_rate": 0.3333333333333333
    },
    "DDOG": {
      "tested": 2954,
      "won": 0,
      "win_rate": 0.0
    },
    "UNH": {
      "tested": 39,
      "won": 0,
      "win_rate": 0.0
    },
    "QCOM": {
      "tested": 2,
      "won": 0,
      "win_rate": 0.0
    },
    "TLT": {
      "tested": 3,
      "won": 0,
      "win_rate": 0.0
    },
    "ORCL": {
      "tested": 4681,
      "won": 148,
      "win_rate": 0.031617175817133095
    },
    "CVX": {
      "tested": 39,
      "won": 0,
      "win_rate": 0.0
    },
    "JNJ": {
      "tested": 1301,
      "won": 694,
      "win_rate": 0.5334358186010761
    },
    "V": {
      "tested": 1297,
      "won": 0,
      "win_rate": 0.0
    },
    "PLTR": {
      "tested": 1415,
      "won": 269,
      "win_rate": 0.19010600706713782
    },
    "IWM": {
      "tested": 2,
      "won": 0,
      "win_rate": 0.0
    },
    "NFLX": {
      "tested": 362,
      "won": 5,
      "win_rate": 0.013812154696132596
    },
    "AVGO": {
      "tested": 38,
      "won": 2,
      "win_rate": 0.05263157894736842
    },
    "F": {
      "tested": 118,
      "won": 0,
      "win_rate": 0.0
    },
    "AMD": {
      "tested": 38,
      "won": 1,
      "win_rate": 0.02631578947368421
    },
    "RBLX": {
      "tested": 37,
      "won": 24,
      "win_rate": 0.6486486486486487
    },
    "GM": {
      "tested": 4298,
      "won": 0,
      "win_rate": 0.0
    },
    "DIS": {
      "tested": 3082,
      "won": 0,
      "win_rate": 0.0
    },
    "XLK": {
      "tested": 4330,
      "won": 12,
      "win_rate": 0.002771362586605081
    },
    "XOM": {
      "tested": 36,
      "won": 0,
      "win_rate": 0.0
    },
    "HON": {
      "tested": 117,
      "won": 0,
      "win_rate": 0.0
    },
    "T": {
      "tested": 2916,
      "won": 6,
      "win_rate": 0.00205761316872428
    },
    "XLE": {
      "tested": 3081,
      "won": 54,
      "win_rate": 0.017526777020447908
    },
    "XLF": {
      "tested": 3000,
      "won": 0,
      "win_rate": 0.0
    }
  },